<?xml version="1.0" encoding="UTF-8"?><extraction><clueid>69778464</clueid><fullpath><![CDATA[https://db.yaozh.com/chufang?jbsearchcontent=%E8%82%BA%E7%82%8E&p=3&pageSize=20]]></fullpath><realpath><![CDATA[https://db.yaozh.com/chufang?jbsearchcontent=%E8%82%BA%E7%82%8E&p=3&pageSize=20]]></realpath><theme>mk_wbwj_1</theme><middle>规则_1</middle><createdate>2020-3-10 22:5:37</createdate><pageno>2</pageno><actionno></actionno><actionvalue></actionvalue><prestamp>DSEngine-+-ds_browser_sample_1-+-1583849128065</prestamp><currentstamp>DSEngine-+-ds_browser_sample_1-+-1583849137428</currentstamp><timestamp>1583849137428</timestamp><baseURI><bucketBaseURI><bucketName>all_title</bucketName><uri><![CDATA[https://db.yaozh.com/chufang?jbsearchcontent=%E8%82%BA%E7%82%8E&p=3&pageSize=20]]></uri></bucketBaseURI></baseURI><customInfo><![CDATA[]]></customInfo><dsName>DSEngine</dsName><dsThread>datascraper_sample_1</dsThread><version>80700</version>
<all_title><item><药品名称>热炎宁颗粒</药品名称><标准来源>中国药典2010年版一部</标准来源><具体网址>/chufang/122688.html</具体网址></item><item><药品名称>牛黄消炎灵丸</药品名称><标准来源>卫生部药品标准中药成方制剂第十册</标准来源><具体网址>/chufang/118964.html</具体网址></item><item><药品名称>牛黄消炎灵胶囊</药品名称><标准来源>卫生部药品标准中药成方制剂第十册</标准来源><具体网址>/chufang/118965.html</具体网址></item><item><药品名称>痰热清注射液</药品名称><标准来源>新药转正标准</标准来源><具体网址>/chufang/124167.html</具体网址></item><item><药品名称>白花蛇舌草注射液</药品名称><标准来源>卫生部药品标准中药成方制剂第十七册</标准来源><具体网址>/chufang/120112.html</具体网址></item><item><药品名称>百蕊片</药品名称><标准来源>卫生部药品标准中药成方制剂第六册</标准来源><具体网址>/chufang/118070.html</具体网址></item><item><药品名称>百蕊胶囊</药品名称><标准来源>卫生部药品标准中药成方制剂第十七册</标准来源><具体网址>/chufang/120137.html</具体网址></item><item><药品名称>穿王消炎片</药品名称><标准来源>国家中成药标准汇编 内科肺系（二）分册</标准来源><具体网址>/chufang/100233.html</具体网址></item><item><药品名称>羚竺散</药品名称><标准来源>卫生部药品标准中药成方制剂第四册</标准来源><具体网址>/chufang/117842.html</具体网址></item><item><药品名称>羚羊角注射液</药品名称><标准来源>卫生部药品标准中药成方制剂第十八册</标准来源><具体网址>/chufang/120344.html</具体网址></item><item><药品名称>肺热普清散</药品名称><标准来源>卫生部药品标准藏药第一册</标准来源><具体网址>/chufang/121837.html</具体网址></item><item><药品名称>肿节风注射液</药品名称><标准来源>卫生部药品标准中药成方制剂第十四册</标准来源><具体网址>/chufang/119828.html</具体网址></item><item><药品名称>肿节风浸膏</药品名称><标准来源>卫生部药品标准中药成方制剂第十三册</标准来源><具体网址>/chufang/119694.html</具体网址></item><item><药品名称>肿节风片</药品名称><标准来源>中国药典2010年版一部</标准来源><具体网址>/chufang/122505.html</具体网址></item><item><药品名称>肿节风胶囊</药品名称><标准来源>新药转正标准第88册</标准来源><具体网址>/chufang/124421.html</具体网址></item><item><药品名称>肿节风颗粒</药品名称><标准来源>新药转正标准86册</标准来源><具体网址>/chufang/124422.html</具体网址></item><item><药品名称>莲芝消炎胶囊</药品名称><标准来源>卫生部药品标准中药成方制剂第十二册</标准来源><具体网址>/chufang/117269.html</具体网址></item><item><药品名称>蛤蚧养肺丸</药品名称><标准来源>卫生部药品标准中药成方制剂第三册</标准来源><具体网址>/chufang/117624.html</具体网址></item><item><药品名称>贝羚散</药品名称><标准来源>卫生部药品标准中药成方制剂第十五册</标准来源><具体网址>/chufang/119435.html</具体网址></item><item><药品名称>贝羚胶囊</药品名称><标准来源>中国药典2010年版一部</标准来源><具体网址>/chufang/122143.html</具体网址></item></all_title></extraction>