<?xml version="1.0" encoding="UTF-8"?><extraction><clueid>69778464</clueid><fullpath><![CDATA[https://db.yaozh.com/chufang?jbsearchcontent=%E8%82%BA%E7%82%8E&p=4&pageSize=20]]></fullpath><realpath><![CDATA[https://db.yaozh.com/chufang?jbsearchcontent=%E8%82%BA%E7%82%8E&p=4&pageSize=20]]></realpath><theme>mk_wbwj_1</theme><middle>规则_1</middle><createdate>2020-3-10 22:5:46</createdate><pageno>3</pageno><actionno></actionno><actionvalue></actionvalue><prestamp>DSEngine-+-ds_browser_sample_1-+-1583849137428</prestamp><currentstamp>DSEngine-+-ds_browser_sample_1-+-1583849146382</currentstamp><timestamp>1583849146382</timestamp><baseURI><bucketBaseURI><bucketName>all_title</bucketName><uri><![CDATA[https://db.yaozh.com/chufang?jbsearchcontent=%E8%82%BA%E7%82%8E&p=4&pageSize=20]]></uri></bucketBaseURI></baseURI><customInfo><![CDATA[]]></customInfo><dsName>DSEngine</dsName><dsThread>datascraper_sample_1</dsThread><version>80700</version>
<all_title><item><药品名称>达斯玛保丸</药品名称><标准来源>卫生部药品标准藏药第一册</标准来源><具体网址>/chufang/121822.html</具体网址></item><item><药品名称>了哥王胶囊</药品名称><标准来源>注册标准</标准来源><具体网址>/chufang/125266.html</具体网址></item><item><药品名称>了哥王颗粒</药品名称><标准来源>注册标准</标准来源><具体网址>/chufang/125267.html</具体网址></item><item><药品名称>鱼金注射液</药品名称><标准来源>卫生部药品标准中药成方制剂第十七册</标准来源><具体网址>/chufang/117295.html</具体网址></item><item><药品名称>复方蒲芩胶囊</药品名称><标准来源>注册标准</标准来源><具体网址>/chufang/124735.html</具体网址></item><item><药品名称>清热消炎宁片</药品名称><标准来源>注册标准</标准来源><具体网址>/chufang/124798.html</具体网址></item><item><药品名称>炎热清片</药品名称><标准来源>注册标准</标准来源><具体网址>/chufang/124809.html</具体网址></item><item><药品名称>穿王消炎胶囊</药品名称><标准来源>注册标准</标准来源><具体网址>/chufang/124844.html</具体网址></item><item><药品名称>炎热清颗粒</药品名称><标准来源>注册标准</标准来源><具体网址>/chufang/125146.html</具体网址></item><item><药品名称>百蕊颗粒</药品名称><标准来源>注册标准</标准来源><具体网址>/chufang/125161.html</具体网址></item><item><药品名称>肿节风滴丸</药品名称><标准来源>注册标准</标准来源><具体网址>/chufang/125197.html</具体网址></item><item><药品名称>肿节风软胶囊</药品名称><标准来源>注册标准</标准来源><具体网址>/chufang/125198.html</具体网址></item><item><药品名称>透解祛瘟颗粒（肺炎1号方）</药品名称><标准来源>广州市</标准来源><具体网址>/chufang/125408.html</具体网址></item><item><药品名称>清瘟护肺颗粒</药品名称><标准来源>陕西省</标准来源><具体网址>/chufang/125413.html</具体网址></item></all_title></extraction>