<?xml version="1.0" encoding="UTF-8"?><extraction><clueid>69778464</clueid><fullpath><![CDATA[https://db.yaozh.com/chufang?jbsearchcontent=%E8%82%BA%E7%82%8E&]]></fullpath><realpath><![CDATA[https://db.yaozh.com/chufang?jbsearchcontent=%E8%82%BA%E7%82%8E&]]></realpath><theme>mk_wbwj_1</theme><middle>规则_1</middle><createdate>2020-3-10 22:5:18</createdate><pageno>0</pageno><actionno></actionno><actionvalue></actionvalue><prestamp>DSEngine-+--+-0</prestamp><currentstamp>DSEngine-+-ds_browser_sample_1-+-1583849118647</currentstamp><timestamp>1583849118647</timestamp><baseURI><bucketBaseURI><bucketName>all_title</bucketName><uri><![CDATA[https://db.yaozh.com/chufang?jbsearchcontent=%E8%82%BA%E7%82%8E&]]></uri></bucketBaseURI></baseURI><customInfo><![CDATA[]]></customInfo><dsName>DSEngine</dsName><dsThread>datascraper_sample_1</dsThread><version>80700</version>
<all_title><item><药品名称>九味石灰华散</药品名称><标准来源>中国药典2010年版一部</标准来源><具体网址>/chufang/122006.html</具体网址></item><item><药品名称>九味竺黄散</药品名称><标准来源>卫生部药品标准藏药第一册</标准来源><具体网址>/chufang/121806.html</具体网址></item><item><药品名称>九味青鹏散</药品名称><标准来源>卫生部药品标准藏药第一册</标准来源><具体网址>/chufang/121777.html</具体网址></item><item><药品名称>双黄连栓</药品名称><标准来源>中国药典2010年版一部</标准来源><具体网址>/chufang/122214.html</具体网址></item><item><药品名称>双黄连栓（小儿消炎栓）</药品名称><标准来源>中国药典2005年版一部</标准来源><具体网址>/chufang/116236.html</具体网址></item><item><药品名称>双黄连注射液</药品名称><标准来源>卫生部药品标准中药成方制剂第十一册</标准来源><具体网址>/chufang/119148.html</具体网址></item><item><药品名称>双黄连粉针剂</药品名称><标准来源>新药转正标准18</标准来源><具体网址>/chufang/121175.html</具体网址></item><item><药品名称>双黄连粉针剂(冻干)</药品名称><标准来源>新药转正标准22</标准来源><具体网址>/chufang/121242.html</具体网址></item><item><药品名称>咳喘静糖浆</药品名称><标准来源>卫生部药品标准中药成方制剂第二册</标准来源><具体网址>/chufang/116841.html</具体网址></item><item><药品名称>复方吉祥草含片</药品名称><标准来源>国家中成药标准汇编 内科肺系（二）分册</标准来源><具体网址>/chufang/100252.html</具体网址></item><item><药品名称>复方牛黄消炎胶囊</药品名称><标准来源>中国药典2010年版一部</标准来源><具体网址>/chufang/123706.html</具体网址></item><item><药品名称>复方牛黄消炎胶囊（牛黄消炎灵胶囊）</药品名称><标准来源>中国药典2010年版一部</标准来源><具体网址>/chufang/122579.html</具体网址></item><item><药品名称>复方蒲芩片</药品名称><标准来源>卫生部药品标准中药成方制剂第十三册</标准来源><具体网址>/chufang/118267.html</具体网址></item><item><药品名称>小儿咳嗽宁糖浆</药品名称><标准来源>卫生部药品标准中药成方制剂第十四册</标准来源><具体网址>/chufang/119754.html</具体网址></item><item><药品名称>小儿消炎栓</药品名称><标准来源>卫生部药品标准中药成方制剂第四册</标准来源><具体网址>/chufang/117685.html</具体网址></item><item><药品名称>小儿牛黄清肺散</药品名称><标准来源>国家中成药标准汇编 口腔肿瘤儿科分册</标准来源><具体网址>/chufang/100467.html</具体网址></item><item><药品名称>小儿羚羊散</药品名称><标准来源>卫生部药品标准中药成方制剂第二册</标准来源><具体网址>/chufang/117047.html</具体网址></item><item><药品名称>小儿肺热咳喘颗粒</药品名称><标准来源>卫生部药品标准中药成方制剂第十八册</标准来源><具体网址>/chufang/120277.html</具体网址></item><item><药品名称>小儿肺闭宁片</药品名称><标准来源>卫生部药品标准中药成方制剂第十册</标准来源><具体网址>/chufang/118945.html</具体网址></item><item><药品名称>小儿麻甘冲剂</药品名称><标准来源>卫生部药品标准中药成方制剂第八册</标准来源><具体网址>/chufang/118616.html</具体网址></item></all_title></extraction>