<?xml version="1.0" encoding="UTF-8"?><extraction><clueid>69778464</clueid><fullpath><![CDATA[https://db.yaozh.com/chufang?jbsearchcontent=%E8%82%BA%E7%82%8E&p=2&pageSize=20]]></fullpath><realpath><![CDATA[https://db.yaozh.com/chufang?jbsearchcontent=%E8%82%BA%E7%82%8E&p=2&pageSize=20]]></realpath><theme>mk_wbwj_1</theme><middle>规则_1</middle><createdate>2020-3-10 22:5:28</createdate><pageno>1</pageno><actionno></actionno><actionvalue></actionvalue><prestamp>DSEngine-+-ds_browser_sample_1-+-1583849118647</prestamp><currentstamp>DSEngine-+-ds_browser_sample_1-+-1583849128065</currentstamp><timestamp>1583849128065</timestamp><baseURI><bucketBaseURI><bucketName>all_title</bucketName><uri><![CDATA[https://db.yaozh.com/chufang?jbsearchcontent=%E8%82%BA%E7%82%8E&p=2&pageSize=20]]></uri></bucketBaseURI></baseURI><customInfo><![CDATA[]]></customInfo><dsName>DSEngine</dsName><dsThread>datascraper_sample_1</dsThread><version>80700</version>
<all_title><item><药品名称>止咳桃花散</药品名称><标准来源>卫生部药品标准中药成方制剂第十二册</标准来源><具体网址>/chufang/119354.html</具体网址></item><item><药品名称>止咳桃花胶囊</药品名称><标准来源>新药转正标准第79册</标准来源><具体网址>/chufang/124403.html</具体网址></item><item><药品名称>毛冬青注射液</药品名称><标准来源>卫生部药品标准中药成方制剂第二十册</标准来源><具体网址>/chufang/120640.html</具体网址></item><item><药品名称>毛冬青胶囊</药品名称><标准来源>卫生部药品标准中药成方制剂第七册</标准来源><具体网址>/chufang/117198.html</具体网址></item><item><药品名称>注射用双黄连(冻干)</药品名称><标准来源>中国药典2010年版一部</标准来源><具体网址>/chufang/122511.html</具体网址></item><item><药品名称>注射用双黄连（冻干）</药品名称><标准来源>中国药典2005年版一部</标准来源><具体网址>/chufang/116388.html</具体网址></item><item><药品名称>消炎片</药品名称><标准来源>卫生部药品标准中药成方制剂第四册</标准来源><具体网址>/chufang/117809.html</具体网址></item><item><药品名称>消炎胶囊</药品名称><标准来源>新药转正标准第83册</标准来源><具体网址>/chufang/124246.html</具体网址></item><item><药品名称>清咽抑火丸</药品名称><标准来源>卫生部药品标准中药成方制剂第七册</标准来源><具体网址>/chufang/118557.html</具体网址></item><item><药品名称>清开灵注射液
</药品名称><标准来源>卫生部药品标准中药成方制剂第二十一册(中药保护)</标准来源><具体网址>/chufang/116808.html</具体网址></item><item><药品名称>清开灵注射液</药品名称><标准来源>中国药典2010年版一部</标准来源><具体网址>/chufang/122836.html</具体网址></item><item><药品名称>炎可宁丸</药品名称><标准来源>新药转正标准第88册</标准来源><具体网址>/chufang/124318.html</具体网址></item><item><药品名称>炎可宁片</药品名称><标准来源>卫生部药品标准中药成方制剂第七册</标准来源><具体网址>/chufang/118487.html</具体网址></item><item><药品名称>炎可宁胶囊</药品名称><标准来源>新药转正标准第88册</标准来源><具体网址>/chufang/124317.html</具体网址></item><item><药品名称>炎热清胶囊</药品名称><标准来源>卫生部药品标准中药成方制剂第八册</标准来源><具体网址>/chufang/118677.html</具体网址></item><item><药品名称>热毒平胶囊</药品名称><标准来源>新药转正标准44</标准来源><具体网址>/chufang/121750.html</具体网址></item><item><药品名称>热炎宁冲剂</药品名称><标准来源>卫生部药品标准中药成方制剂第六册</标准来源><具体网址>/chufang/118155.html</具体网址></item><item><药品名称>热炎宁合剂</药品名称><标准来源>中国药典2010年版第二增补本</标准来源><具体网址>/chufang/124445.html</具体网址></item><item><药品名称>热炎宁片</药品名称><标准来源>中国药典2010年版一部</标准来源><具体网址>/chufang/122687.html</具体网址></item><item><药品名称>热炎宁胶囊</药品名称><标准来源>新药转正标准34</标准来源><具体网址>/chufang/121509.html</具体网址></item></all_title></extraction>