<?xml version="1.0" encoding="UTF-8"?><extraction><clueid>69778560</clueid><fullpath><![CDATA[https://db.yaozh.com/chufang/121822.html]]></fullpath><realpath><![CDATA[https://db.yaozh.com/chufang/121822.html]]></realpath><theme>mk_wbwj_1_1</theme><middle>规则_1</middle><createdate>2020-3-10 22:15:54</createdate><pageno>0</pageno><actionno></actionno><actionvalue></actionvalue><prestamp>DSEngine-+--+-0</prestamp><currentstamp>DSEngine-+-ds_browser_sample_0-+-1583849754569</currentstamp><timestamp>1583849754569</timestamp><baseURI><bucketBaseURI><bucketName>context</bucketName><uri><![CDATA[https://db.yaozh.com/chufang/121822.html]]></uri></bucketBaseURI></baseURI><customInfo><![CDATA[]]></customInfo><dsName>DSEngine</dsName><dsThread>datascraper_sample_0</dsThread><version>80700</version>
<context><item><药品名称>
                          达斯玛保丸          </药品名称><处方来源>
                          卫生部药品标准藏药第一册          </处方来源><处方>
                          铁棒锤25g．紫草茸20g．藏茜草25g．镰形棘豆25g．
多刺绿绒蒿25g．兔耳草25g．翼首草40g．诃子50g．
金腰子40g．木香20g．藏木香25g．榜嘎40g．
止泻木子15g．安息香25g．麝香0.5g．          </处方><功能主治>
                          清热解毒，消炎杀疠。用于脑膜炎，流行性感冒，肺炎，咽炎，
疮疡，各种瘟疠疾病。
          </功能主治><注意事项/></item></context></extraction>