<?xml version="1.0" encoding="UTF-8"?><extraction><clueid>69778532</clueid><fullpath><![CDATA[https://db.yaozh.com/chufang/124167.html]]></fullpath><realpath><![CDATA[https://db.yaozh.com/chufang/124167.html]]></realpath><theme>mk_wbwj_1_1</theme><middle>规则_1</middle><createdate>2020-3-10 22:13:9</createdate><pageno>0</pageno><actionno></actionno><actionvalue></actionvalue><prestamp>DSEngine-+--+-0</prestamp><currentstamp>DSEngine-+-ds_browser_sample_0-+-1583849589234</currentstamp><timestamp>1583849589234</timestamp><baseURI><bucketBaseURI><bucketName>context</bucketName><uri><![CDATA[https://db.yaozh.com/chufang/124167.html]]></uri></bucketBaseURI></baseURI><customInfo><![CDATA[]]></customInfo><dsName>DSEngine</dsName><dsThread>datascraper_sample_0</dsThread><version>80700</version>
<context><item><药品名称>
                          痰热清注射液          </药品名称><处方来源>
                          新药转正标准          </处方来源><处方>
                          清热、化痰、解毒。用于风温肺热病痰热阻肺证，症见：发热、咳嗽、咯痰不爽、咽喉肿痛、口渴、舌红、苔黄；肺炎早期、急性支气管炎、慢性支气管炎急性发作以及上呼吸道感染属上述证候者。          </处方><功能主治/><注意事项/></item></context></extraction>