<?xml version="1.0" encoding="UTF-8"?><extraction><clueid>69778472</clueid><fullpath><![CDATA[https://db.yaozh.com/chufang/121175.html]]></fullpath><realpath><![CDATA[https://db.yaozh.com/chufang/121175.html]]></realpath><theme>mk_wbwj_1_1</theme><middle>规则_1</middle><createdate>2020-3-10 22:7:12</createdate><pageno>0</pageno><actionno></actionno><actionvalue></actionvalue><prestamp>DSEngine-+--+-0</prestamp><currentstamp>DSEngine-+-ds_browser_sample_0-+-1583849232263</currentstamp><timestamp>1583849232263</timestamp><baseURI><bucketBaseURI><bucketName>context</bucketName><uri><![CDATA[https://db.yaozh.com/chufang/121175.html]]></uri></bucketBaseURI></baseURI><customInfo><![CDATA[]]></customInfo><dsName>DSEngine</dsName><dsThread>datascraper_sample_0</dsThread><version>80700</version>
<context><item><药品名称>
                          双黄连粉针剂          </药品名称><处方来源>
                          新药转正标准18          </处方来源><处方>
                          本品为连翘．金银花．黄芩经加工制成的冻干粉针
          </处方><功能主治>
                          清热解毒，轻宣透邪。用于风温邪在肺卫或风热闭肺证，证
见发热风寒或不恶寒，咳嗽气促，咯痰色黄，咽红肿痛等；急性上呼吸道
感染、急性支气管炎扁桃腺炎、轻型肺炎见上述证候者。
          </功能主治><注意事项/></item></context></extraction>