<?xml version="1.0" encoding="UTF-8"?><extraction><clueid>69778485</clueid><fullpath><![CDATA[https://db.yaozh.com/chufang/118616.html]]></fullpath><realpath><![CDATA[https://db.yaozh.com/chufang/118616.html]]></realpath><theme>mk_wbwj_1_1</theme><middle>规则_1</middle><createdate>2020-3-10 22:9:17</createdate><pageno>0</pageno><actionno></actionno><actionvalue></actionvalue><prestamp>DSEngine-+--+-0</prestamp><currentstamp>DSEngine-+-ds_browser_sample_0-+-1583849357765</currentstamp><timestamp>1583849357765</timestamp><baseURI><bucketBaseURI><bucketName>context</bucketName><uri><![CDATA[https://db.yaozh.com/chufang/118616.html]]></uri></bucketBaseURI></baseURI><customInfo><![CDATA[]]></customInfo><dsName>DSEngine</dsName><dsThread>datascraper_sample_0</dsThread><version>80700</version>
<context><item><药品名称>
                          小儿麻甘冲剂          </药品名称><处方来源>
                          卫生部药品标准中药成方制剂第八册          </处方来源><处方>
                          麻黄100g．黄芩100g．紫苏子100g．甘草150g．桑白皮150g．苦杏仁150g．地骨皮250g．石膏400g．          </处方><功能主治>
                          平喘止咳，利咽祛痰。用于小儿肺炎喘咳，咽喉炎症。          </功能主治><注意事项/></item></context></extraction>