<?xml version="1.0" encoding="UTF-8"?><extraction><clueid>69778476</clueid><fullpath><![CDATA[https://db.yaozh.com/chufang/123706.html]]></fullpath><realpath><![CDATA[https://db.yaozh.com/chufang/123706.html]]></realpath><theme>mk_wbwj_1_1</theme><middle>规则_1</middle><createdate>2020-3-10 22:7:50</createdate><pageno>0</pageno><actionno></actionno><actionvalue></actionvalue><prestamp>DSEngine-+--+-0</prestamp><currentstamp>DSEngine-+-ds_browser_sample_0-+-1583849270707</currentstamp><timestamp>1583849270707</timestamp><baseURI><bucketBaseURI><bucketName>context</bucketName><uri><![CDATA[https://db.yaozh.com/chufang/123706.html]]></uri></bucketBaseURI></baseURI><customInfo><![CDATA[]]></customInfo><dsName>DSEngine</dsName><dsThread>datascraper_sample_0</dsThread><version>80700</version>
<context><item><药品名称>
                          复方牛黄消炎胶囊          </药品名称><处方来源>
                          中国药典2010年版一部          </处方来源><处方>
                          人工牛黄35.7g．黄芩190.6g．栀子62.3g．朱砂50g．珍珠母28.6g．郁金66g．雄黄50g．冰片20g．石膏71.4g．水牛角浓缩粉95.4g．盐酸小檗碱4.3g          </处方><功能主治>
                          清热解毒，镇静安神。用于气分热盛，高热烦躁；上呼吸道感染、肺炎、气管炎见上述证候者。          </功能主治><注意事项/></item></context></extraction>