<?xml version="1.0" encoding="UTF-8"?><extraction><clueid>69778537</clueid><fullpath><![CDATA[https://db.yaozh.com/chufang/117842.html]]></fullpath><realpath><![CDATA[https://db.yaozh.com/chufang/117842.html]]></realpath><theme>mk_wbwj_1_1</theme><middle>规则_1</middle><createdate>2020-3-10 22:13:58</createdate><pageno>0</pageno><actionno></actionno><actionvalue></actionvalue><prestamp>DSEngine-+--+-0</prestamp><currentstamp>DSEngine-+-ds_browser_sample_0-+-1583849638562</currentstamp><timestamp>1583849638562</timestamp><baseURI><bucketBaseURI><bucketName>context</bucketName><uri><![CDATA[https://db.yaozh.com/chufang/117842.html]]></uri></bucketBaseURI></baseURI><customInfo><![CDATA[]]></customInfo><dsName>DSEngine</dsName><dsThread>datascraper_sample_0</dsThread><version>80700</version>
<context><item><药品名称>
                          羚竺散          </药品名称><处方来源>
                          卫生部药品标准中药成方制剂第四册          </处方来源><处方>
                          羚羊角粉25g．水牛容易胆浓缩粉75g．琥珀37g．冰片50g．桔梗250g．僵蚕12.5g．全蝎（去钩）12.5g．天竺黄12.5g．平贝母250g．桑白皮（制）125g．苦杏仁（炒）75g．莱菔子（炒）14g．黄连37g．前胡125g．甘草75g．          </处方><功能主治>
                          清热解毒，通宣理肺，化痰镇惊。用于热毒壅肺引起的肺炎，支
气管炎等。          </功能主治><注意事项/></item></context></extraction>