<?xml version="1.0" encoding="UTF-8"?><extraction><clueid>69778482</clueid><fullpath><![CDATA[https://db.yaozh.com/chufang/117047.html]]></fullpath><realpath><![CDATA[https://db.yaozh.com/chufang/117047.html]]></realpath><theme>mk_wbwj_1_1</theme><middle>规则_1</middle><createdate>2020-3-10 22:8:48</createdate><pageno>0</pageno><actionno></actionno><actionvalue></actionvalue><prestamp>DSEngine-+--+-0</prestamp><currentstamp>DSEngine-+-ds_browser_sample_0-+-1583849328854</currentstamp><timestamp>1583849328854</timestamp><baseURI><bucketBaseURI><bucketName>context</bucketName><uri><![CDATA[https://db.yaozh.com/chufang/117047.html]]></uri></bucketBaseURI></baseURI><customInfo><![CDATA[]]></customInfo><dsName>DSEngine</dsName><dsThread>datascraper_sample_0</dsThread><version>80700</version>
<context><item><药品名称>
                          小儿羚羊散          </药品名称><处方来源>
                          卫生部药品标准中药成方制剂第二册          </处方来源><处方>
                          羚羊角200g．天竺黄250g．朱砂100g．甘草75g．冰片125g．金银花250g．紫草1500g．连翘250g．牛蒡子125g．浮萍125g．赤芍75g．西河柳250g．牛黄125g．黄连125g．葛根125g．川贝母125g．水牛角浓缩粉150g．          </处方><功能主治>
                          清热解毒，透疹止咳。用于麻疹隐伏，肺炎高热，嗜睡咳嗽喘
促，咽喉肿痛。          </功能主治><注意事项/></item></context></extraction>