<?xml version="1.0" encoding="UTF-8"?><extraction><clueid>69778566</clueid><fullpath><![CDATA[https://db.yaozh.com/chufang/124809.html]]></fullpath><realpath><![CDATA[https://db.yaozh.com/chufang/124809.html]]></realpath><theme>mk_wbwj_1_1</theme><middle>规则_1</middle><createdate>2020-3-10 22:16:52</createdate><pageno>0</pageno><actionno></actionno><actionvalue></actionvalue><prestamp>DSEngine-+--+-0</prestamp><currentstamp>DSEngine-+-ds_browser_sample_0-+-1583849812289</currentstamp><timestamp>1583849812289</timestamp><baseURI><bucketBaseURI><bucketName>context</bucketName><uri><![CDATA[https://db.yaozh.com/chufang/124809.html]]></uri></bucketBaseURI></baseURI><customInfo><![CDATA[]]></customInfo><dsName>DSEngine</dsName><dsThread>datascraper_sample_0</dsThread><version>80700</version>
<context><item><药品名称>
                          炎热清片          </药品名称><处方来源>
                          注册标准          </处方来源><处方>
                          解表清里，清热解毒。用于呼吸道炎，支气管炎，肺炎，急性扁桃体炎。也可用于泌尿系统感染，胆道感染。          </处方><功能主治/><注意事项/></item></context></extraction>