<?xml version="1.0" encoding="UTF-8"?><extraction><clueid>69778474</clueid><fullpath><![CDATA[https://db.yaozh.com/chufang/116841.html]]></fullpath><realpath><![CDATA[https://db.yaozh.com/chufang/116841.html]]></realpath><theme>mk_wbwj_1_1</theme><middle>规则_1</middle><createdate>2020-3-10 22:7:31</createdate><pageno>0</pageno><actionno></actionno><actionvalue></actionvalue><prestamp>DSEngine-+--+-0</prestamp><currentstamp>DSEngine-+-ds_browser_sample_0-+-1583849251457</currentstamp><timestamp>1583849251457</timestamp><baseURI><bucketBaseURI><bucketName>context</bucketName><uri><![CDATA[https://db.yaozh.com/chufang/116841.html]]></uri></bucketBaseURI></baseURI><customInfo><![CDATA[]]></customInfo><dsName>DSEngine</dsName><dsThread>datascraper_sample_0</dsThread><version>80700</version>
<context><item><药品名称>
                          咳喘静糖浆          </药品名称><处方来源>
                          卫生部药品标准中药成方制剂第二册          </处方来源><处方>
                          桔梗100g．紫菀100g．地龙120g．知母150g．蒲公英150g．黄芩150g．瓜蒌200g．麦冬100g．苦杏仁100g．款冬花100g．百部100g．甘草100g．赤芍120g．丹参120g．          </处方><功能主治>
                          镇咳平喘，祛痰消炎。用于慢性支气管炎，支气管哮喘，急性咽
炎，小儿肺炎等。          </功能主治><注意事项/></item></context></extraction>