<?xml version="1.0" encoding="UTF-8"?><extraction><clueid>69778505</clueid><fullpath><![CDATA[https://db.yaozh.com/chufang/124246.html]]></fullpath><realpath><![CDATA[https://db.yaozh.com/chufang/124246.html]]></realpath><theme>mk_wbwj_1_1</theme><middle>规则_1</middle><createdate>2020-3-10 22:10:34</createdate><pageno>0</pageno><actionno></actionno><actionvalue></actionvalue><prestamp>DSEngine-+--+-0</prestamp><currentstamp>DSEngine-+-ds_browser_sample_0-+-1583849434722</currentstamp><timestamp>1583849434722</timestamp><baseURI><bucketBaseURI><bucketName>context</bucketName><uri><![CDATA[https://db.yaozh.com/chufang/124246.html]]></uri></bucketBaseURI></baseURI><customInfo><![CDATA[]]></customInfo><dsName>DSEngine</dsName><dsThread>datascraper_sample_0</dsThread><version>80700</version>
<context><item><药品名称>
                          消炎胶囊          </药品名称><处方来源>
                          新药转正标准第83册          </处方来源><处方>
                          蒲公英．紫花地丁．野菊花．黄芩          </处方><功能主治>
                          抗菌消炎。用于呼吸道感染，发热，肺炎，支气管炎，咳嗽有痰，疖肿等。          </功能主治><注意事项/></item></context></extraction>