<?xml version="1.0" encoding="UTF-8"?><extraction><clueid>69778516</clueid><fullpath><![CDATA[https://db.yaozh.com/chufang/122687.html]]></fullpath><realpath><![CDATA[https://db.yaozh.com/chufang/122687.html]]></realpath><theme>mk_wbwj_1_1</theme><middle>规则_1</middle><createdate>2020-3-10 22:12:21</createdate><pageno>0</pageno><actionno></actionno><actionvalue></actionvalue><prestamp>DSEngine-+--+-0</prestamp><currentstamp>DSEngine-+-ds_browser_sample_0-+-1583849541103</currentstamp><timestamp>1583849541103</timestamp><baseURI><bucketBaseURI><bucketName>context</bucketName><uri><![CDATA[https://db.yaozh.com/chufang/122687.html]]></uri></bucketBaseURI></baseURI><customInfo><![CDATA[]]></customInfo><dsName>DSEngine</dsName><dsThread>datascraper_sample_0</dsThread><version>80700</version>
<context><item><药品名称>
                          热炎宁片          </药品名称><处方来源>
                          中国药典2010年版一部          </处方来源><处方>
                          蒲公英．虎杖．北败酱．半枝莲          </处方><功能主治>
                          清热解毒。用于外感风热、内郁化火所致的风热感冒、发热、咽喉肿痛、口苦咽干、咳嗽痰黄、尿黄便结；化脓性扁桃体炎、急性咽炎、急性支气管炎、单纯性肺炎见上述证候者。          </功能主治><注意事项>
                          l.本品清热解毒,用于热毒内盛所致乳1戰、喉痹、咳嗽。若阴虚火旺者慎用。
2.本药寒凉,易伤胃气,老人、儿童及素体脾胃虚弱者慎服 。
3.服药期间饮食宜清淡,忌食辛辣油腻食物。以免助热生湿,加重病情。          </注意事项></item></context></extraction>