<?xml version="1.0" encoding="UTF-8"?><extraction><clueid>69778563</clueid><fullpath><![CDATA[https://db.yaozh.com/chufang/117295.html]]></fullpath><realpath><![CDATA[https://db.yaozh.com/chufang/117295.html]]></realpath><theme>mk_wbwj_1_1</theme><middle>规则_1</middle><createdate>2020-3-10 22:16:23</createdate><pageno>0</pageno><actionno></actionno><actionvalue></actionvalue><prestamp>DSEngine-+--+-0</prestamp><currentstamp>DSEngine-+-ds_browser_sample_0-+-1583849783410</currentstamp><timestamp>1583849783410</timestamp><baseURI><bucketBaseURI><bucketName>context</bucketName><uri><![CDATA[https://db.yaozh.com/chufang/117295.html]]></uri></bucketBaseURI></baseURI><customInfo><![CDATA[]]></customInfo><dsName>DSEngine</dsName><dsThread>datascraper_sample_0</dsThread><version>80700</version>
<context><item><药品名称>
                          鱼金注射液          </药品名称><处方来源>
                          卫生部药品标准中药成方制剂第十七册          </处方来源><处方>
                          鱼腥草4000g．金银花2000g．          </处方><功能主治>
                          清热解毒。用于热毒内盛而致的上呼吸道感染、支气管肺炎、病毒性肺炎、化
脓性疾病、妇科炎症与术后发热。          </功能主治><注意事项/></item></context></extraction>