<?xml version="1.0" encoding="UTF-8"?><extraction><clueid>69778469</clueid><fullpath><![CDATA[https://db.yaozh.com/chufang/122214.html]]></fullpath><realpath><![CDATA[https://db.yaozh.com/chufang/122214.html]]></realpath><theme>mk_wbwj_1_1</theme><middle>规则_1</middle><createdate>2020-3-10 22:6:43</createdate><pageno>0</pageno><actionno></actionno><actionvalue></actionvalue><prestamp>DSEngine-+--+-0</prestamp><currentstamp>DSEngine-+-ds_browser_sample_0-+-1583849203401</currentstamp><timestamp>1583849203401</timestamp><baseURI><bucketBaseURI><bucketName>context</bucketName><uri><![CDATA[https://db.yaozh.com/chufang/122214.html]]></uri></bucketBaseURI></baseURI><customInfo><![CDATA[]]></customInfo><dsName>DSEngine</dsName><dsThread>datascraper_sample_0</dsThread><version>80700</version>
<context><item><药品名称>
                          双黄连栓          </药品名称><处方来源>
                          中国药典2010年版一部          </处方来源><处方>
                          金银花2500g．黄芩2500g．连翘5000g          </处方><功能主治>
                          疏风解表，清热解毒。用于外感风热所致的感冒，症见发热、咳嗽、咽痛；上呼吸道感染、肺炎见上述证候者。          </功能主治><注意事项/></item></context></extraction>