<?xml version="1.0" encoding="UTF-8"?><extraction><clueid>69778545</clueid><fullpath><![CDATA[https://db.yaozh.com/chufang/117269.html]]></fullpath><realpath><![CDATA[https://db.yaozh.com/chufang/117269.html]]></realpath><theme>mk_wbwj_1_1</theme><middle>规则_1</middle><createdate>2020-3-10 22:15:15</createdate><pageno>0</pageno><actionno></actionno><actionvalue></actionvalue><prestamp>DSEngine-+--+-0</prestamp><currentstamp>DSEngine-+-ds_browser_sample_0-+-1583849715870</currentstamp><timestamp>1583849715870</timestamp><baseURI><bucketBaseURI><bucketName>context</bucketName><uri><![CDATA[https://db.yaozh.com/chufang/117269.html]]></uri></bucketBaseURI></baseURI><customInfo><![CDATA[]]></customInfo><dsName>DSEngine</dsName><dsThread>datascraper_sample_0</dsThread><version>80700</version>
<context><item><药品名称>
                          莲芝消炎胶囊          </药品名称><处方来源>
                          卫生部药品标准中药成方制剂第十二册          </处方来源><处方>
                          穿心莲总内酯60g．山芝麻干浸膏172g．          </处方><功能主治>
                          清热，解毒，消炎。用于肠胃炎，支气管炎，扁桃体炎,咽喉炎,
肺炎等。          </功能主治><注意事项/></item></context></extraction>