<?xml version="1.0" encoding="UTF-8"?><extraction><clueid>69778502</clueid><fullpath><![CDATA[https://db.yaozh.com/chufang/122511.html]]></fullpath><realpath><![CDATA[https://db.yaozh.com/chufang/122511.html]]></realpath><theme>mk_wbwj_1_1</theme><middle>规则_1</middle><createdate>2020-3-10 22:10:5</createdate><pageno>0</pageno><actionno></actionno><actionvalue></actionvalue><prestamp>DSEngine-+--+-0</prestamp><currentstamp>DSEngine-+-ds_browser_sample_0-+-1583849405846</currentstamp><timestamp>1583849405846</timestamp><baseURI><bucketBaseURI><bucketName>context</bucketName><uri><![CDATA[https://db.yaozh.com/chufang/122511.html]]></uri></bucketBaseURI></baseURI><customInfo><![CDATA[]]></customInfo><dsName>DSEngine</dsName><dsThread>datascraper_sample_0</dsThread><version>80700</version>
<context><item><药品名称>
                          注射用双黄连(冻干)          </药品名称><处方来源>
                          中国药典2010年版一部          </处方来源><处方>
                          连翘．金银花．黄芩          </处方><功能主治>
                          清热解毒，疏风解表。用于外感风热所致的发热、咳嗽、咽痛；上呼吸道感染、轻型肺炎、扁桃体炎见上述证候者。          </功能主治><注意事项>
                          1.过敏反应:过敏症状多出现在用药半小时后,以皮肤过敏反应多见,如药疹(猩红热样皮疹、红色斑丘疹、玫瑰红疹、荨麻疹样皮疹、多形性红斑型药疹) ,偶见过敏性紫癜、 剥脱性皮炎。 可见过敏性休克,具体表现为皮肤瘙痒,烦躁,恶心呕吐,心悸,咳喘,心慌胸闷难忍,呼吸心跳骤停,大汗淋漓,全身发绀。偶有因过敏致呼吸心跳骤停导致长期意识障碍者 。 又有报道用药10min后,从头面部、耳后开始,出现粟粒状丘疹,按之色退,搔痒,并漫延至颈部、胸、腹部及四肢,伴有气促、胸闷、频躁等[8] 。
2.有儿童用药后烦躁不安,口唇发          </注意事项></item></context></extraction>