<?xml version="1.0" encoding="UTF-8"?><extraction><clueid>69778514</clueid><fullpath><![CDATA[https://db.yaozh.com/chufang/118155.html]]></fullpath><realpath><![CDATA[https://db.yaozh.com/chufang/118155.html]]></realpath><theme>mk_wbwj_1_1</theme><middle>规则_1</middle><createdate>2020-3-10 22:12:1</createdate><pageno>0</pageno><actionno></actionno><actionvalue></actionvalue><prestamp>DSEngine-+--+-0</prestamp><currentstamp>DSEngine-+-ds_browser_sample_0-+-1583849521888</currentstamp><timestamp>1583849521888</timestamp><baseURI><bucketBaseURI><bucketName>context</bucketName><uri><![CDATA[https://db.yaozh.com/chufang/118155.html]]></uri></bucketBaseURI></baseURI><customInfo><![CDATA[]]></customInfo><dsName>DSEngine</dsName><dsThread>datascraper_sample_0</dsThread><version>80700</version>
<context><item><药品名称>
                          热炎宁冲剂          </药品名称><处方来源>
                          卫生部药品标准中药成方制剂第六册          </处方来源><处方>
                          蒲公英300g．虎杖300．北败酱300g．半枝莲150g．          </处方><功能主治>
                          清热解毒。用于风热感冒，发热，咽喉肿痛，口苦咽干，咳嗽痰黄，尿黄便结，化脓性扁桃体炎，急性咽炎，急性支气管炎，单纯性肺炎。          </功能主治><注意事项/></item></context></extraction>