<?xml version="1.0" encoding="UTF-8"?><extraction><clueid>69778511</clueid><fullpath><![CDATA[https://db.yaozh.com/chufang/124317.html]]></fullpath><realpath><![CDATA[https://db.yaozh.com/chufang/124317.html]]></realpath><theme>mk_wbwj_1_1</theme><middle>规则_1</middle><createdate>2020-3-10 22:11:33</createdate><pageno>0</pageno><actionno></actionno><actionvalue></actionvalue><prestamp>DSEngine-+--+-0</prestamp><currentstamp>DSEngine-+-ds_browser_sample_0-+-1583849493023</currentstamp><timestamp>1583849493023</timestamp><baseURI><bucketBaseURI><bucketName>context</bucketName><uri><![CDATA[https://db.yaozh.com/chufang/124317.html]]></uri></bucketBaseURI></baseURI><customInfo><![CDATA[]]></customInfo><dsName>DSEngine</dsName><dsThread>datascraper_sample_0</dsThread><version>80700</version>
<context><item><药品名称>
                          炎可宁胶囊          </药品名称><处方来源>
                          新药转正标准第88册          </处方来源><处方>
                          黄柏．大黄．黄芩．板蓝根．黄连          </处方><功能主治>
                          清热泻火，消炎止痢。用于急性扁桃腺炎，细菌性肺炎，急性结膜炎，中耳炎，疖痈瘰疬，急性乳腺炎，肠炎，细菌性痢疾及急性尿道感染。          </功能主治><注意事项/></item></context></extraction>