<?xml version="1.0" encoding="UTF-8"?><extraction><clueid>69778562</clueid><fullpath><![CDATA[https://db.yaozh.com/chufang/125267.html]]></fullpath><realpath><![CDATA[https://db.yaozh.com/chufang/125267.html]]></realpath><theme>mk_wbwj_1_1</theme><middle>规则_1</middle><createdate>2020-3-10 22:16:13</createdate><pageno>0</pageno><actionno></actionno><actionvalue></actionvalue><prestamp>DSEngine-+--+-0</prestamp><currentstamp>DSEngine-+-ds_browser_sample_0-+-1583849773770</currentstamp><timestamp>1583849773770</timestamp><baseURI><bucketBaseURI><bucketName>context</bucketName><uri><![CDATA[https://db.yaozh.com/chufang/125267.html]]></uri></bucketBaseURI></baseURI><customInfo><![CDATA[]]></customInfo><dsName>DSEngine</dsName><dsThread>datascraper_sample_0</dsThread><version>80700</version>
<context><item><药品名称>
                          了哥王颗粒          </药品名称><处方来源>
                          注册标准          </处方来源><处方>
                          消炎，解毒。用于支气管炎，肺炎，扁桃体炎，腮腺炎 ，乳腺炎，蜂窝组织炎。          </处方><功能主治/><注意事项/></item></context></extraction>