<?xml version="1.0" encoding="UTF-8"?><extraction><clueid>69778539</clueid><fullpath><![CDATA[https://db.yaozh.com/chufang/121837.html]]></fullpath><realpath><![CDATA[https://db.yaozh.com/chufang/121837.html]]></realpath><theme>mk_wbwj_1_1</theme><middle>规则_1</middle><createdate>2020-3-10 22:14:17</createdate><pageno>0</pageno><actionno></actionno><actionvalue></actionvalue><prestamp>DSEngine-+--+-0</prestamp><currentstamp>DSEngine-+-ds_browser_sample_0-+-1583849657930</currentstamp><timestamp>1583849657930</timestamp><baseURI><bucketBaseURI><bucketName>context</bucketName><uri><![CDATA[https://db.yaozh.com/chufang/121837.html]]></uri></bucketBaseURI></baseURI><customInfo><![CDATA[]]></customInfo><dsName>DSEngine</dsName><dsThread>datascraper_sample_0</dsThread><version>80700</version>
<context><item><药品名称>
                          肺热普清散          </药品名称><处方来源>
                          卫生部药品标准藏药第一册          </处方来源><处方>
                          天竺黄100g．红花100g．丁香100g．檀香100g．
降香100g．力嘎都100g．麝香6g．安息香50g．
铁棒锤(幼苗)10g．诃子50g．木香50g．银朱50g．
甘草100g．丛菔50g．          </处方><功能主治>
                          清肺泄热，消炎。用于小儿肺炎，流感，风热，疠热。
          </功能主治><注意事项/></item></context></extraction>