<?xml version="1.0" encoding="UTF-8"?><extraction><clueid>69778564</clueid><fullpath><![CDATA[https://db.yaozh.com/chufang/124735.html]]></fullpath><realpath><![CDATA[https://db.yaozh.com/chufang/124735.html]]></realpath><theme>mk_wbwj_1_1</theme><middle>规则_1</middle><createdate>2020-3-10 22:16:33</createdate><pageno>0</pageno><actionno></actionno><actionvalue></actionvalue><prestamp>DSEngine-+--+-0</prestamp><currentstamp>DSEngine-+-ds_browser_sample_0-+-1583849793055</currentstamp><timestamp>1583849793055</timestamp><baseURI><bucketBaseURI><bucketName>context</bucketName><uri><![CDATA[https://db.yaozh.com/chufang/124735.html]]></uri></bucketBaseURI></baseURI><customInfo><![CDATA[]]></customInfo><dsName>DSEngine</dsName><dsThread>datascraper_sample_0</dsThread><version>80700</version>
<context><item><药品名称>
                          复方蒲芩胶囊          </药品名称><处方来源>
                          注册标准          </处方来源><处方>
                          清热消炎。用于急、慢性支气管炎，肺炎，扁桃腺炎，牙龈炎等。          </处方><功能主治/><注意事项/></item></context></extraction>