<?xml version="1.0" encoding="UTF-8"?><extraction><clueid>69778504</clueid><fullpath><![CDATA[https://db.yaozh.com/chufang/117809.html]]></fullpath><realpath><![CDATA[https://db.yaozh.com/chufang/117809.html]]></realpath><theme>mk_wbwj_1_1</theme><middle>规则_1</middle><createdate>2020-3-10 22:10:25</createdate><pageno>0</pageno><actionno></actionno><actionvalue></actionvalue><prestamp>DSEngine-+--+-0</prestamp><currentstamp>DSEngine-+-ds_browser_sample_0-+-1583849425114</currentstamp><timestamp>1583849425114</timestamp><baseURI><bucketBaseURI><bucketName>context</bucketName><uri><![CDATA[https://db.yaozh.com/chufang/117809.html]]></uri></bucketBaseURI></baseURI><customInfo><![CDATA[]]></customInfo><dsName>DSEngine</dsName><dsThread>datascraper_sample_0</dsThread><version>80700</version>
<context><item><药品名称>
                          消炎片          </药品名称><处方来源>
                          卫生部药品标准中药成方制剂第四册          </处方来源><处方>
                          蒲公英446g．紫花地丁446g．野菊花446g．黄芩446g．          </处方><功能主治>
                          抗菌消炎。用于呼吸道感染，发热，肺炎，支气管炎，咳嗽有
痰，疖肿等。          </功能主治><注意事项/></item></context></extraction>