<?xml version="1.0" encoding="UTF-8"?><extraction><clueid>69778507</clueid><fullpath><![CDATA[https://db.yaozh.com/chufang/116808.html]]></fullpath><realpath><![CDATA[https://db.yaozh.com/chufang/116808.html]]></realpath><theme>mk_wbwj_1_1</theme><middle>规则_1</middle><createdate>2020-3-10 22:10:54</createdate><pageno>0</pageno><actionno></actionno><actionvalue></actionvalue><prestamp>DSEngine-+--+-0</prestamp><currentstamp>DSEngine-+-ds_browser_sample_0-+-1583849454474</currentstamp><timestamp>1583849454474</timestamp><baseURI><bucketBaseURI><bucketName>context</bucketName><uri><![CDATA[https://db.yaozh.com/chufang/116808.html]]></uri></bucketBaseURI></baseURI><customInfo><![CDATA[]]></customInfo><dsName>DSEngine</dsName><dsThread>datascraper_sample_0</dsThread><version>80700</version>
<context><item><药品名称>
                          清开灵注射液
          </药品名称><处方来源>
                          卫生部药品标准中药成方制剂第二十一册(中药保护)          </处方来源><处方>
                          清热解毒,化痰通络,醒神开窍。用于热病神昏，中风偏瘫，神志
不清，亦可用于急慢性肝炎、乙型肝炎、上呼吸道感染、肺炎、高烧以及脑血栓形成、
脑出血见上述证候者。
          </处方><功能主治/><注意事项/></item></context></extraction>