<?xml version="1.0" encoding="UTF-8"?><extraction><clueid>69778540</clueid><fullpath><![CDATA[https://db.yaozh.com/chufang/119828.html]]></fullpath><realpath><![CDATA[https://db.yaozh.com/chufang/119828.html]]></realpath><theme>mk_wbwj_1_1</theme><middle>规则_1</middle><createdate>2020-3-10 22:14:27</createdate><pageno>0</pageno><actionno></actionno><actionvalue></actionvalue><prestamp>DSEngine-+--+-0</prestamp><currentstamp>DSEngine-+-ds_browser_sample_0-+-1583849667831</currentstamp><timestamp>1583849667831</timestamp><baseURI><bucketBaseURI><bucketName>context</bucketName><uri><![CDATA[https://db.yaozh.com/chufang/119828.html]]></uri></bucketBaseURI></baseURI><customInfo><![CDATA[]]></customInfo><dsName>DSEngine</dsName><dsThread>datascraper_sample_0</dsThread><version>80700</version>
<context><item><药品名称>
                          肿节风注射液          </药品名称><处方来源>
                          卫生部药品标准中药成方制剂第十四册          </处方来源><处方>
                          清热解毒，消肿散结。用于热毒壅盛所致肺炎、阑尾炎，蜂窝组
织炎、菌痢、脓肿，与肿节风片联合用于消化道癌、胰腺癌、肝癌等肿瘤。          </处方><功能主治/><注意事项/></item></context></extraction>