<?xml version="1.0" encoding="UTF-8"?><extraction><clueid>69778543</clueid><fullpath><![CDATA[https://db.yaozh.com/chufang/124421.html]]></fullpath><realpath><![CDATA[https://db.yaozh.com/chufang/124421.html]]></realpath><theme>mk_wbwj_1_1</theme><middle>规则_1</middle><createdate>2020-3-10 22:14:56</createdate><pageno>0</pageno><actionno></actionno><actionvalue></actionvalue><prestamp>DSEngine-+--+-0</prestamp><currentstamp>DSEngine-+-ds_browser_sample_0-+-1583849696635</currentstamp><timestamp>1583849696635</timestamp><baseURI><bucketBaseURI><bucketName>context</bucketName><uri><![CDATA[https://db.yaozh.com/chufang/124421.html]]></uri></bucketBaseURI></baseURI><customInfo><![CDATA[]]></customInfo><dsName>DSEngine</dsName><dsThread>datascraper_sample_0</dsThread><version>80700</version>
<context><item><药品名称>
                          肿节风胶囊          </药品名称><处方来源>
                          新药转正标准第88册          </处方来源><处方>
                          肿节风          </处方><功能主治>
                          清热解毒，消肿散结。用于肺炎、阑尾炎、蜂窝组织炎属热毒壅盛证候者，并可用于癌症辅助治疗。          </功能主治><注意事项/></item></context></extraction>