<?xml version="1.0" encoding="UTF-8"?><extraction><clueid>69778510</clueid><fullpath><![CDATA[https://db.yaozh.com/chufang/118487.html]]></fullpath><realpath><![CDATA[https://db.yaozh.com/chufang/118487.html]]></realpath><theme>mk_wbwj_1_1</theme><middle>规则_1</middle><createdate>2020-3-10 22:11:23</createdate><pageno>0</pageno><actionno></actionno><actionvalue></actionvalue><prestamp>DSEngine-+--+-0</prestamp><currentstamp>DSEngine-+-ds_browser_sample_0-+-1583849483424</currentstamp><timestamp>1583849483424</timestamp><baseURI><bucketBaseURI><bucketName>context</bucketName><uri><![CDATA[https://db.yaozh.com/chufang/118487.html]]></uri></bucketBaseURI></baseURI><customInfo><![CDATA[]]></customInfo><dsName>DSEngine</dsName><dsThread>datascraper_sample_0</dsThread><version>80700</version>
<context><item><药品名称>
                          炎可宁片          </药品名称><处方来源>
                          卫生部药品标准中药成方制剂第七册          </处方来源><处方>
                          黄柏413.8g．大黄82.8g．黄芩310.3g．板蓝根310.3g．黄连20.7g．          </处方><功能主治>
                          清热泻火，消炎止痢。用于急性扁桃腺炎，细菌性肺炎，急性结
膜炎，中耳炎，疖痈瘰疬，急性乳腺炎，肠炎，细菌性痢疾及急性尿道感染。          </功能主治><注意事项/></item></context></extraction>