<?xml version="1.0" encoding="UTF-8"?><extraction><clueid>69778572</clueid><fullpath><![CDATA[https://db.yaozh.com/chufang/125408.html]]></fullpath><realpath><![CDATA[https://db.yaozh.com/chufang/125408.html]]></realpath><theme>mk_wbwj_1_1</theme><middle>规则_1</middle><createdate>2020-3-10 22:17:50</createdate><pageno>0</pageno><actionno></actionno><actionvalue></actionvalue><prestamp>DSEngine-+--+-0</prestamp><currentstamp>DSEngine-+-ds_browser_sample_0-+-1583849870567</currentstamp><timestamp>1583849870567</timestamp><baseURI><bucketBaseURI><bucketName>context</bucketName><uri><![CDATA[https://db.yaozh.com/chufang/125408.html]]></uri></bucketBaseURI></baseURI><customInfo><![CDATA[]]></customInfo><dsName>DSEngine</dsName><dsThread>datascraper_sample_0</dsThread><version>80700</version>
<context><item><药品名称>
                          透解祛瘟颗粒（肺炎1号方）          </药品名称><处方来源>
                          广州市          </处方来源><处方>
                          疏风透表. 清热解毒. 益气养阴，用于新新型冠状病毒感染的肺炎（轻症）          </处方><功能主治>
                          是广州市第八人民医院申报的医疗机构制剂          </功能主治><注意事项/></item></context></extraction>