<?xml version="1.0" encoding="UTF-8"?><extraction><clueid>69778538</clueid><fullpath><![CDATA[https://db.yaozh.com/chufang/120344.html]]></fullpath><realpath><![CDATA[https://db.yaozh.com/chufang/120344.html]]></realpath><theme>mk_wbwj_1_1</theme><middle>规则_1</middle><createdate>2020-3-10 22:14:8</createdate><pageno>0</pageno><actionno></actionno><actionvalue></actionvalue><prestamp>DSEngine-+--+-0</prestamp><currentstamp>DSEngine-+-ds_browser_sample_0-+-1583849648281</currentstamp><timestamp>1583849648281</timestamp><baseURI><bucketBaseURI><bucketName>context</bucketName><uri><![CDATA[https://db.yaozh.com/chufang/120344.html]]></uri></bucketBaseURI></baseURI><customInfo><![CDATA[]]></customInfo><dsName>DSEngine</dsName><dsThread>datascraper_sample_0</dsThread><version>80700</version>
<context><item><药品名称>
                          羚羊角注射液          </药品名称><处方来源>
                          卫生部药品标准中药成方制剂第十八册          </处方来源><处方>
                          平肝熄风，清热镇惊，解毒。用于高热神昏，惊痫抽搐，以及流
行性感冒，上呼吸道感染，扁桃体炎，麻疹，小儿肺炎及原因不明的高热等。          </处方><功能主治/><注意事项/></item></context></extraction>