<?xml version="1.0" encoding="UTF-8"?><extraction><clueid>69778536</clueid><fullpath><![CDATA[https://db.yaozh.com/chufang/100233.html]]></fullpath><realpath><![CDATA[https://db.yaozh.com/chufang/100233.html]]></realpath><theme>mk_wbwj_1_1</theme><middle>规则_1</middle><createdate>2020-3-10 22:13:48</createdate><pageno>0</pageno><actionno></actionno><actionvalue></actionvalue><prestamp>DSEngine-+--+-0</prestamp><currentstamp>DSEngine-+-ds_browser_sample_0-+-1583849628950</currentstamp><timestamp>1583849628950</timestamp><baseURI><bucketBaseURI><bucketName>context</bucketName><uri><![CDATA[https://db.yaozh.com/chufang/100233.html]]></uri></bucketBaseURI></baseURI><customInfo><![CDATA[]]></customInfo><dsName>DSEngine</dsName><dsThread>datascraper_sample_0</dsThread><version>80700</version>
<context><item><药品名称>
                          穿王消炎片          </药品名称><处方来源>
                          国家中成药标准汇编 内科肺系（二）分册          </处方来源><处方>
                          穿心莲1200g．了哥王800g．
羧甲基淀粉钠10g．糊精10g．滑石粉5g．
硬脂酸镁1.5g．          </处方><功能主治>
                          消炎解毒。用于痰热咳喘，腹痛，以及急慢性扁桃腺炎、咽喉炎、肺炎，急性肠胃炎、急性菌痢见以上症状者。          </功能主治><注意事项/></item></context></extraction>