<?xml version="1.0" encoding="UTF-8"?><extraction><clueid>69778478</clueid><fullpath><![CDATA[https://db.yaozh.com/chufang/118267.html]]></fullpath><realpath><![CDATA[https://db.yaozh.com/chufang/118267.html]]></realpath><theme>mk_wbwj_1_1</theme><middle>规则_1</middle><createdate>2020-3-10 22:8:9</createdate><pageno>0</pageno><actionno></actionno><actionvalue></actionvalue><prestamp>DSEngine-+--+-0</prestamp><currentstamp>DSEngine-+-ds_browser_sample_0-+-1583849289912</currentstamp><timestamp>1583849289912</timestamp><baseURI><bucketBaseURI><bucketName>context</bucketName><uri><![CDATA[https://db.yaozh.com/chufang/118267.html]]></uri></bucketBaseURI></baseURI><customInfo><![CDATA[]]></customInfo><dsName>DSEngine</dsName><dsThread>datascraper_sample_0</dsThread><version>80700</version>
<context><item><药品名称>
                          复方蒲芩片          </药品名称><处方来源>
                          卫生部药品标准中药成方制剂第十三册          </处方来源><处方>
                          蒲公英提取物125g．黄芩提取物25g．三颗针提取物25g．北豆根提取物25g．          </处方><功能主治>
                          清热消炎。用于急、慢性支气管炎、肺炎,扁桃腺炎,牙龈炎等。          </功能主治><注意事项/></item></context></extraction>