<?xml version="1.0" encoding="UTF-8"?><extraction><clueid>69778541</clueid><fullpath><![CDATA[https://db.yaozh.com/chufang/119694.html]]></fullpath><realpath><![CDATA[https://db.yaozh.com/chufang/119694.html]]></realpath><theme>mk_wbwj_1_1</theme><middle>规则_1</middle><createdate>2020-3-10 22:14:37</createdate><pageno>0</pageno><actionno></actionno><actionvalue></actionvalue><prestamp>DSEngine-+--+-0</prestamp><currentstamp>DSEngine-+-ds_browser_sample_0-+-1583849677434</currentstamp><timestamp>1583849677434</timestamp><baseURI><bucketBaseURI><bucketName>context</bucketName><uri><![CDATA[https://db.yaozh.com/chufang/119694.html]]></uri></bucketBaseURI></baseURI><customInfo><![CDATA[]]></customInfo><dsName>DSEngine</dsName><dsThread>datascraper_sample_0</dsThread><version>80700</version>
<context><item><药品名称>
                          肿节风浸膏          </药品名称><处方来源>
                          卫生部药品标准中药成方制剂第十三册          </处方来源><处方>
                          消肿散结，清热解毒。用于肺炎、阑尾炎、蜂窝组织炎，大剂量
用于肿瘤。
　　          </处方><功能主治/><注意事项/></item></context></extraction>