<?xml version="1.0" encoding="UTF-8"?><extraction><clueid>69778535</clueid><fullpath><![CDATA[https://db.yaozh.com/chufang/120137.html]]></fullpath><realpath><![CDATA[https://db.yaozh.com/chufang/120137.html]]></realpath><theme>mk_wbwj_1_1</theme><middle>规则_1</middle><createdate>2020-3-10 22:13:39</createdate><pageno>0</pageno><actionno></actionno><actionvalue></actionvalue><prestamp>DSEngine-+--+-0</prestamp><currentstamp>DSEngine-+-ds_browser_sample_0-+-1583849619331</currentstamp><timestamp>1583849619331</timestamp><baseURI><bucketBaseURI><bucketName>context</bucketName><uri><![CDATA[https://db.yaozh.com/chufang/120137.html]]></uri></bucketBaseURI></baseURI><customInfo><![CDATA[]]></customInfo><dsName>DSEngine</dsName><dsThread>datascraper_sample_0</dsThread><version>80700</version>
<context><item><药品名称>
                          百蕊胶囊          </药品名称><处方来源>
                          卫生部药品标准中药成方制剂第十七册          </处方来源><处方>
                          清热消炎，止咳化痰。用于急、慢性咽喉炎，气管炎，鼻炎，感冒发热，肺炎等。          </处方><功能主治/><注意事项/></item></context></extraction>