<?xml version="1.0" encoding="UTF-8"?><extraction><clueid>69778546</clueid><fullpath><![CDATA[https://db.yaozh.com/chufang/117624.html]]></fullpath><realpath><![CDATA[https://db.yaozh.com/chufang/117624.html]]></realpath><theme>mk_wbwj_1_1</theme><middle>规则_1</middle><createdate>2020-3-10 22:15:25</createdate><pageno>0</pageno><actionno></actionno><actionvalue></actionvalue><prestamp>DSEngine-+--+-0</prestamp><currentstamp>DSEngine-+-ds_browser_sample_0-+-1583849725504</currentstamp><timestamp>1583849725504</timestamp><baseURI><bucketBaseURI><bucketName>context</bucketName><uri><![CDATA[https://db.yaozh.com/chufang/117624.html]]></uri></bucketBaseURI></baseURI><customInfo><![CDATA[]]></customInfo><dsName>DSEngine</dsName><dsThread>datascraper_sample_0</dsThread><version>80700</version>
<context><item><药品名称>
                          蛤蚧养肺丸          </药品名称><处方来源>
                          卫生部药品标准中药成方制剂第三册          </处方来源><处方>
                          蛤蚧62.5g．前胡30g．莲子40g．天冬40g．瓜萎子30g．麦冬40g．天花粉30g．川贝母40g．白前30g．化橘红30g．桔梗30g．桑白皮30g．苦杏仁30g．白30g．紫苏子（炒）20g．茯苓40g．莱菔子（炒）30g．薏苡仁40g．山药40g．百合50g．白扁豆（炒）40g．党参50g．黄芪50g．北沙参40g．甘草30g．白及50g．半夏（制）15g．          </处方><功能主治>
                          补虚润肺，止咳化痰。用于痨伤咳嗽，精神不振，四肢疲倦，肺
痨肺炎。          </功能主治><注意事项/></item></context></extraction>