<?xml version="1.0" encoding="UTF-8"?><extraction><clueid>69778565</clueid><fullpath><![CDATA[https://db.yaozh.com/chufang/124798.html]]></fullpath><realpath><![CDATA[https://db.yaozh.com/chufang/124798.html]]></realpath><theme>mk_wbwj_1_1</theme><middle>规则_1</middle><createdate>2020-3-10 22:16:42</createdate><pageno>0</pageno><actionno></actionno><actionvalue></actionvalue><prestamp>DSEngine-+--+-0</prestamp><currentstamp>DSEngine-+-ds_browser_sample_0-+-1583849802685</currentstamp><timestamp>1583849802685</timestamp><baseURI><bucketBaseURI><bucketName>context</bucketName><uri><![CDATA[https://db.yaozh.com/chufang/124798.html]]></uri></bucketBaseURI></baseURI><customInfo><![CDATA[]]></customInfo><dsName>DSEngine</dsName><dsThread>datascraper_sample_0</dsThread><version>80700</version>
<context><item><药品名称>
                          清热消炎宁片          </药品名称><处方来源>
                          注册标准          </处方来源><处方>
                          清热解毒，消炎止痛，舒筋活络。用于流行性感冒，咽喉炎，肺炎，菌痢，急性胃肠炎，阑尾炎，烧伤，疮疡脓肿，蜂窝织炎          </处方><功能主治/><注意事项/></item></context></extraction>