<?xml version="1.0" encoding="UTF-8"?><extraction><clueid>69778483</clueid><fullpath><![CDATA[https://db.yaozh.com/chufang/120277.html]]></fullpath><realpath><![CDATA[https://db.yaozh.com/chufang/120277.html]]></realpath><theme>mk_wbwj_1_1</theme><middle>规则_1</middle><createdate>2020-3-10 22:8:58</createdate><pageno>0</pageno><actionno></actionno><actionvalue></actionvalue><prestamp>DSEngine-+--+-0</prestamp><currentstamp>DSEngine-+-ds_browser_sample_0-+-1583849338471</currentstamp><timestamp>1583849338471</timestamp><baseURI><bucketBaseURI><bucketName>context</bucketName><uri><![CDATA[https://db.yaozh.com/chufang/120277.html]]></uri></bucketBaseURI></baseURI><customInfo><![CDATA[]]></customInfo><dsName>DSEngine</dsName><dsThread>datascraper_sample_0</dsThread><version>80700</version>
<context><item><药品名称>
                          小儿肺热咳喘颗粒          </药品名称><处方来源>
                          卫生部药品标准中药成方制剂第十八册          </处方来源><处方>
                          清热解毒，宣肺止咳，化痰平喘。用于感冒，支气管炎，喘息性
支气管炎，支气管肺炎属痰热壅肺证者。          </处方><功能主治/><注意事项/></item></context></extraction>