<?xml version="1.0" encoding="UTF-8"?><extraction><clueid>69778547</clueid><fullpath><![CDATA[https://db.yaozh.com/chufang/119435.html]]></fullpath><realpath><![CDATA[https://db.yaozh.com/chufang/119435.html]]></realpath><theme>mk_wbwj_1_1</theme><middle>规则_1</middle><createdate>2020-3-10 22:15:35</createdate><pageno>0</pageno><actionno></actionno><actionvalue></actionvalue><prestamp>DSEngine-+--+-0</prestamp><currentstamp>DSEngine-+-ds_browser_sample_0-+-1583849735114</currentstamp><timestamp>1583849735114</timestamp><baseURI><bucketBaseURI><bucketName>context</bucketName><uri><![CDATA[https://db.yaozh.com/chufang/119435.html]]></uri></bucketBaseURI></baseURI><customInfo><![CDATA[]]></customInfo><dsName>DSEngine</dsName><dsThread>datascraper_sample_0</dsThread><version>80700</version>
<context><item><药品名称>
                          贝羚散          </药品名称><处方来源>
                          卫生部药品标准中药成方制剂第十五册          </处方来源><处方>
                          清热化痰。用于小儿肺炎、支气管哮喘、哮喘性支气管炎引起的
壅气急，也可用球成年人慢性支气管炎引起的痰壅气急。          </处方><功能主治/><注意事项/></item></context></extraction>