<?xml version="1.0" encoding="UTF-8"?><extraction><clueid>69778548</clueid><fullpath><![CDATA[https://db.yaozh.com/chufang/122143.html]]></fullpath><realpath><![CDATA[https://db.yaozh.com/chufang/122143.html]]></realpath><theme>mk_wbwj_1_1</theme><middle>规则_1</middle><createdate>2020-3-10 22:15:44</createdate><pageno>0</pageno><actionno></actionno><actionvalue></actionvalue><prestamp>DSEngine-+--+-0</prestamp><currentstamp>DSEngine-+-ds_browser_sample_0-+-1583849744965</currentstamp><timestamp>1583849744965</timestamp><baseURI><bucketBaseURI><bucketName>context</bucketName><uri><![CDATA[https://db.yaozh.com/chufang/122143.html]]></uri></bucketBaseURI></baseURI><customInfo><![CDATA[]]></customInfo><dsName>DSEngine</dsName><dsThread>datascraper_sample_0</dsThread><version>80700</version>
<context><item><药品名称>
                          贝羚胶囊          </药品名称><处方来源>
                          中国药典2010年版一部          </处方来源><处方>
                          川贝母．猪去氧胆酸．沉香．煅青礞石（飞）．羚羊角．人工麝香．人工天竺黄（飞）．硼砂（炒）          </处方><功能主治>
                          清热化痰，止咳平喘。用于痰热阻肺，气喘咳嗽；小儿肺炎、喘息性支气管炎及成人慢性支气管炎见上述证候者。          </功能主治><注意事项>
                          l.大便清稀者不宜使用。
2.本品清肺化痰,为痰热闭肺所致喘咳而设,若属风寒咳喘、阴虚燥咳、肺虚喘咳者忌用。
3.本品川贝母含生物碱,与胃蛋白酶、乳酶生等酶制剂,士的宁、阿托品等生物碱类,金属盐类,碘及碘化物类等西药不宜联用[2]。
4.服药期间忌食生冷、过甜、过咸之品。
5.本品含川贝母,不宜与乌头(川乌、附子、草乌)同用。          </注意事项></item></context></extraction>