<?xml version="1.0" encoding="UTF-8"?><extraction><clueid>69778467</clueid><fullpath><![CDATA[https://db.yaozh.com/chufang/121806.html]]></fullpath><realpath><![CDATA[https://db.yaozh.com/chufang/121806.html]]></realpath><theme>mk_wbwj_1_1</theme><middle>规则_1</middle><createdate>2020-3-10 22:6:24</createdate><pageno>0</pageno><actionno></actionno><actionvalue></actionvalue><prestamp>DSEngine-+--+-0</prestamp><currentstamp>DSEngine-+-ds_browser_sample_0-+-1583849184136</currentstamp><timestamp>1583849184136</timestamp><baseURI><bucketBaseURI><bucketName>context</bucketName><uri><![CDATA[https://db.yaozh.com/chufang/121806.html]]></uri></bucketBaseURI></baseURI><customInfo><![CDATA[]]></customInfo><dsName>DSEngine</dsName><dsThread>datascraper_sample_0</dsThread><version>80700</version>
<context><item><药品名称>
                          九味竺黄散          </药品名称><处方来源>
                          卫生部药品标准藏药第一册          </处方来源><处方>
                          天竺黄20g．红花15g．牛黄5g．
力嘎都50g．榜嘎15g．甘草10g．
丛菔15g．兔耳草15g．檀香7.5g．          </处方><功能主治>
                          利肺,消炎,止咳。用于小儿流感引起的肺炎、上呼吸道感染等。
          </功能主治><注意事项/></item></context></extraction>