<?xml version="1.0" encoding="UTF-8"?><extraction><clueid>69778503</clueid><fullpath><![CDATA[https://db.yaozh.com/chufang/116388.html]]></fullpath><realpath><![CDATA[https://db.yaozh.com/chufang/116388.html]]></realpath><theme>mk_wbwj_1_1</theme><middle>规则_1</middle><createdate>2020-3-10 22:10:15</createdate><pageno>0</pageno><actionno></actionno><actionvalue></actionvalue><prestamp>DSEngine-+--+-0</prestamp><currentstamp>DSEngine-+-ds_browser_sample_0-+-1583849415513</currentstamp><timestamp>1583849415513</timestamp><baseURI><bucketBaseURI><bucketName>context</bucketName><uri><![CDATA[https://db.yaozh.com/chufang/116388.html]]></uri></bucketBaseURI></baseURI><customInfo><![CDATA[]]></customInfo><dsName>DSEngine</dsName><dsThread>datascraper_sample_0</dsThread><version>80700</version>
<context><item><药品名称>
                          注射用双黄连（冻干）          </药品名称><处方来源>
                          中国药典2005年版一部          </处方来源><处方>
                          连翘金银花．黄芩
          </处方><功能主治>
                          清热解毒，辛凉解表。用于外感风热所致的发热、咳嗽、咽
痛；上呼吸道感染、轻型肺炎、扁桃体炎见上述证候者。
          </功能主治><注意事项/></item></context></extraction>