<?xml version="1.0" encoding="UTF-8"?><extraction><clueid>69778481</clueid><fullpath><![CDATA[https://db.yaozh.com/chufang/100467.html]]></fullpath><realpath><![CDATA[https://db.yaozh.com/chufang/100467.html]]></realpath><theme>mk_wbwj_1_1</theme><middle>规则_1</middle><createdate>2020-3-10 22:8:39</createdate><pageno>0</pageno><actionno></actionno><actionvalue></actionvalue><prestamp>DSEngine-+--+-0</prestamp><currentstamp>DSEngine-+-ds_browser_sample_0-+-1583849319217</currentstamp><timestamp>1583849319217</timestamp><baseURI><bucketBaseURI><bucketName>context</bucketName><uri><![CDATA[https://db.yaozh.com/chufang/100467.html]]></uri></bucketBaseURI></baseURI><customInfo><![CDATA[]]></customInfo><dsName>DSEngine</dsName><dsThread>datascraper_sample_0</dsThread><version>80700</version>
<context><item><药品名称>
                          小儿牛黄清肺散          </药品名称><处方来源>
                          国家中成药标准汇编 口腔肿瘤儿科分册          </处方来源><处方>
                          法半夏288g．茯苓189g．黄芩144g．
石膏144g．川贝母45g．百部（蜜制）45g．
胆南星45g．白前144g．冰片27g．
人工牛黄4.5g．          </处方><功能主治>
                          清热、化痰、止咳。用于内热咳嗽，支气管炎，百日咳，肺炎。          </功能主治><注意事项/></item></context></extraction>