<?xml version="1.0" encoding="UTF-8"?><extraction><clueid>69778513</clueid><fullpath><![CDATA[https://db.yaozh.com/chufang/121750.html]]></fullpath><realpath><![CDATA[https://db.yaozh.com/chufang/121750.html]]></realpath><theme>mk_wbwj_1_1</theme><middle>规则_1</middle><createdate>2020-3-10 22:11:52</createdate><pageno>0</pageno><actionno></actionno><actionvalue></actionvalue><prestamp>DSEngine-+--+-0</prestamp><currentstamp>DSEngine-+-ds_browser_sample_0-+-1583849512242</currentstamp><timestamp>1583849512242</timestamp><baseURI><bucketBaseURI><bucketName>context</bucketName><uri><![CDATA[https://db.yaozh.com/chufang/121750.html]]></uri></bucketBaseURI></baseURI><customInfo><![CDATA[]]></customInfo><dsName>DSEngine</dsName><dsThread>datascraper_sample_0</dsThread><version>80700</version>
<context><item><药品名称>
                          热毒平胶囊          </药品名称><处方来源>
                          新药转正标准44          </处方来源><处方>
                          金银花．连翘．黄芩
．鱼腥草素钠．赤芍．大黄          </处方><功能主治>
                          疏风解表，清热解毒。主治外感风热兼里热证。用于发
热，恶寒，头痛，咽喉疼痛或红肿，咳嗽，痰黏，胸痛，或大便于燥等症，
上呼吸道感染、肺炎球菌肺炎见上述证候者。
          </功能主治><注意事项/></item></context></extraction>