<?xml version="1.0" encoding="UTF-8"?><extraction><clueid>69778468</clueid><fullpath><![CDATA[https://db.yaozh.com/chufang/121777.html]]></fullpath><realpath><![CDATA[https://db.yaozh.com/chufang/121777.html]]></realpath><theme>mk_wbwj_1_1</theme><middle>规则_1</middle><createdate>2020-3-10 22:6:33</createdate><pageno>0</pageno><actionno></actionno><actionvalue></actionvalue><prestamp>DSEngine-+--+-0</prestamp><currentstamp>DSEngine-+-ds_browser_sample_0-+-1583849193766</currentstamp><timestamp>1583849193766</timestamp><baseURI><bucketBaseURI><bucketName>context</bucketName><uri><![CDATA[https://db.yaozh.com/chufang/121777.html]]></uri></bucketBaseURI></baseURI><customInfo><![CDATA[]]></customInfo><dsName>DSEngine</dsName><dsThread>datascraper_sample_0</dsThread><version>80700</version>
<context><item><药品名称>
                          九味青鹏散          </药品名称><处方来源>
                          卫生部药品标准藏药第一册          </处方来源><处方>
                          铁棒锤(幼苗)50g．诃子(去核)50g．藏木香50g．
安息香27.5g．翼首草10g．力嘎都47.5g．
兔耳草47.5g．丛菔47.5g．镰形棘豆50g．          </处方><功能主治>
                          清热止痛，制疠。用于瘟疠疾病，流感引起的发烧、肺部疼痛、
肺炎、嗓子肿痛等。
          </功能主治><注意事项/></item></context></extraction>