<?xml version="1.0" encoding="UTF-8"?><extraction><clueid>69778499</clueid><fullpath><![CDATA[https://db.yaozh.com/chufang/124403.html]]></fullpath><realpath><![CDATA[https://db.yaozh.com/chufang/124403.html]]></realpath><theme>mk_wbwj_1_1</theme><middle>规则_1</middle><createdate>2020-3-10 22:9:37</createdate><pageno>0</pageno><actionno></actionno><actionvalue></actionvalue><prestamp>DSEngine-+--+-0</prestamp><currentstamp>DSEngine-+-ds_browser_sample_0-+-1583849377039</currentstamp><timestamp>1583849377039</timestamp><baseURI><bucketBaseURI><bucketName>context</bucketName><uri><![CDATA[https://db.yaozh.com/chufang/124403.html]]></uri></bucketBaseURI></baseURI><customInfo><![CDATA[]]></customInfo><dsName>DSEngine</dsName><dsThread>datascraper_sample_0</dsThread><version>80700</version>
<context><item><药品名称>
                          止咳桃花胶囊          </药品名称><处方来源>
                          新药转正标准第79册          </处方来源><处方>
                          川贝母．人工麝香．冰片．薄荷．朱砂（水飞）．制半夏．煅石膏          </处方><功能主治>
                          清肺、化痰、止咳、通窍散热，镇惊。用于百日咳及久咳不愈症，麻疹合并肺炎之镇咳剂。          </功能主治><注意事项/></item></context></extraction>