<?xml version="1.0" encoding="UTF-8"?><extraction><clueid>69778484</clueid><fullpath><![CDATA[https://db.yaozh.com/chufang/118945.html]]></fullpath><realpath><![CDATA[https://db.yaozh.com/chufang/118945.html]]></realpath><theme>mk_wbwj_1_1</theme><middle>规则_1</middle><createdate>2020-3-10 22:9:8</createdate><pageno>0</pageno><actionno></actionno><actionvalue></actionvalue><prestamp>DSEngine-+--+-0</prestamp><currentstamp>DSEngine-+-ds_browser_sample_0-+-1583849348130</currentstamp><timestamp>1583849348130</timestamp><baseURI><bucketBaseURI><bucketName>context</bucketName><uri><![CDATA[https://db.yaozh.com/chufang/118945.html]]></uri></bucketBaseURI></baseURI><customInfo><![CDATA[]]></customInfo><dsName>DSEngine</dsName><dsThread>datascraper_sample_0</dsThread><version>80700</version>
<context><item><药品名称>
                          小儿肺闭宁片          </药品名称><处方来源>
                          卫生部药品标准中药成方制剂第十册          </处方来源><处方>
                          石膏90g．麻黄30g．紫苏子45g．大枣15g．桔梗45g．苦杏仁45g．川贝母90g．橘红60g．人参45g．前胡45g．甘草45g．枳壳(炒)45g．海浮石90g．五味子15g．葶苈子15g．细辛15g．麦冬90g．黄芩60g．旋复花45g．          </处方><功能主治>
                          宣热解毒，化痰定喘。用于哮喘性支气管炎，支气管肺炎。          </功能主治><注意事项/></item></context></extraction>