<?xml version="1.0" encoding="UTF-8"?><extraction><clueid>69778501</clueid><fullpath><![CDATA[https://db.yaozh.com/chufang/117198.html]]></fullpath><realpath><![CDATA[https://db.yaozh.com/chufang/117198.html]]></realpath><theme>mk_wbwj_1_1</theme><middle>规则_1</middle><createdate>2020-3-10 22:9:56</createdate><pageno>0</pageno><actionno></actionno><actionvalue></actionvalue><prestamp>DSEngine-+--+-0</prestamp><currentstamp>DSEngine-+-ds_browser_sample_0-+-1583849396243</currentstamp><timestamp>1583849396243</timestamp><baseURI><bucketBaseURI><bucketName>context</bucketName><uri><![CDATA[https://db.yaozh.com/chufang/117198.html]]></uri></bucketBaseURI></baseURI><customInfo><![CDATA[]]></customInfo><dsName>DSEngine</dsName><dsThread>datascraper_sample_0</dsThread><version>80700</version>
<context><item><药品名称>
                          毛冬青胶囊          </药品名称><处方来源>
                          卫生部药品标准中药成方制剂第七册          </处方来源><处方>
                          心血管疾病用药，有扩张血管及抗菌消炎作用。用于冠状动脉硬
化性心脏病，血栓闭塞性脉管炎，并用于中心性视肉膜炎，小儿肺炎。          </处方><功能主治/><注意事项/></item></context></extraction>