<?xml version="1.0" encoding="UTF-8"?><extraction><clueid>69778479</clueid><fullpath><![CDATA[https://db.yaozh.com/chufang/119754.html]]></fullpath><realpath><![CDATA[https://db.yaozh.com/chufang/119754.html]]></realpath><theme>mk_wbwj_1_1</theme><middle>规则_1</middle><createdate>2020-3-10 22:8:20</createdate><pageno>0</pageno><actionno></actionno><actionvalue></actionvalue><prestamp>DSEngine-+--+-0</prestamp><currentstamp>DSEngine-+-ds_browser_sample_0-+-1583849300019</currentstamp><timestamp>1583849300019</timestamp><baseURI><bucketBaseURI><bucketName>context</bucketName><uri><![CDATA[https://db.yaozh.com/chufang/119754.html]]></uri></bucketBaseURI></baseURI><customInfo><![CDATA[]]></customInfo><dsName>DSEngine</dsName><dsThread>datascraper_sample_0</dsThread><version>80700</version>
<context><item><药品名称>
                          小儿咳嗽宁糖浆          </药品名称><处方来源>
                          卫生部药品标准中药成方制剂第十四册          </处方来源><处方>
                          桑白皮45g．桑叶90g．苦杏仁90g．牛蒡子90g．瓜蒌90g．前胡90g．黄芩90g．桔梗90g．六神曲(焦)30g．麦芽(焦)30g．山楂(焦)30g．枇杷叶90g．陈皮30g．芦根90g．浙贝母45g．          </处方><功能主治>
                          宣肺，止咳，化痰。用于风热袭肺所致咳嗽，气管炎，支气管炎
及肺炎恢复期。          </功能主治><注意事项/></item></context></extraction>