<?xml version="1.0" encoding="UTF-8"?><extraction><clueid>69778498</clueid><fullpath><![CDATA[https://db.yaozh.com/chufang/119354.html]]></fullpath><realpath><![CDATA[https://db.yaozh.com/chufang/119354.html]]></realpath><theme>mk_wbwj_1_1</theme><middle>规则_1</middle><createdate>2020-3-10 22:9:27</createdate><pageno>0</pageno><actionno></actionno><actionvalue></actionvalue><prestamp>DSEngine-+--+-0</prestamp><currentstamp>DSEngine-+-ds_browser_sample_0-+-1583849367398</currentstamp><timestamp>1583849367398</timestamp><baseURI><bucketBaseURI><bucketName>context</bucketName><uri><![CDATA[https://db.yaozh.com/chufang/119354.html]]></uri></bucketBaseURI></baseURI><customInfo><![CDATA[]]></customInfo><dsName>DSEngine</dsName><dsThread>datascraper_sample_0</dsThread><version>80700</version>
<context><item><药品名称>
                          止咳桃花散          </药品名称><处方来源>
                          卫生部药品标准中药成方制剂第十二册          </处方来源><处方>
                          川贝母30g．麝香9g．冰片6g．薄荷9g．朱砂(水飞)6g．半夏(制)12g．石膏(煅)30g．          </处方><功能主治>
                          清肺、化痰、止咳、通窍散热,镇惊。用于百日咳及久咳不愈症,
麻疹合并肺炎之镇咳剂。          </功能主治><注意事项/></item></context></extraction>