<?xml version="1.0" encoding="UTF-8"?><extraction><clueid>69778567</clueid><fullpath><![CDATA[https://db.yaozh.com/chufang/124844.html]]></fullpath><realpath><![CDATA[https://db.yaozh.com/chufang/124844.html]]></realpath><theme>mk_wbwj_1_1</theme><middle>规则_1</middle><createdate>2020-3-10 22:17:1</createdate><pageno>0</pageno><actionno></actionno><actionvalue></actionvalue><prestamp>DSEngine-+--+-0</prestamp><currentstamp>DSEngine-+-ds_browser_sample_0-+-1583849821986</currentstamp><timestamp>1583849821986</timestamp><baseURI><bucketBaseURI><bucketName>context</bucketName><uri><![CDATA[https://db.yaozh.com/chufang/124844.html]]></uri></bucketBaseURI></baseURI><customInfo><![CDATA[]]></customInfo><dsName>DSEngine</dsName><dsThread>datascraper_sample_0</dsThread><version>80700</version>
<context><item><药品名称>
                          穿王消炎胶囊          </药品名称><处方来源>
                          注册标准          </处方来源><处方>
                          消炎解毒。用于痰热咳喘，腹痛，以及急慢性扁桃腺炎、咽喉炎、肺炎、急慢性肠胃炎，急性菌痢等          </处方><功能主治/><注意事项/></item></context></extraction>