<?xml version="1.0" encoding="UTF-8"?><extraction><clueid>69778508</clueid><fullpath><![CDATA[https://db.yaozh.com/chufang/122836.html]]></fullpath><realpath><![CDATA[https://db.yaozh.com/chufang/122836.html]]></realpath><theme>mk_wbwj_1_1</theme><middle>规则_1</middle><createdate>2020-3-10 22:11:4</createdate><pageno>0</pageno><actionno></actionno><actionvalue></actionvalue><prestamp>DSEngine-+--+-0</prestamp><currentstamp>DSEngine-+-ds_browser_sample_0-+-1583849464211</currentstamp><timestamp>1583849464211</timestamp><baseURI><bucketBaseURI><bucketName>context</bucketName><uri><![CDATA[https://db.yaozh.com/chufang/122836.html]]></uri></bucketBaseURI></baseURI><customInfo><![CDATA[]]></customInfo><dsName>DSEngine</dsName><dsThread>datascraper_sample_0</dsThread><version>80700</version>
<context><item><药品名称>
                          清开灵注射液          </药品名称><处方来源>
                          中国药典2010年版一部          </处方来源><处方>
                          胆酸．珍珠母（粉）．猪去氧胆酸．栀子．水牛角（粉）．板蓝根．黄芩苷．金银花          </处方><功能主治>
                          清热解毒，化痰通络，醒神开窍。用于热病，神昏，中风偏瘫，神志不清；急性肝炎、上呼吸道感染、肺炎、脑血栓形成、脑出血见上述证候者。          </功能主治><注意事项>
                          方中胆酸、猪去氧.胆酸性凉. 可清心化痰开窍,凉肝镇惊息风;黄芩苷清热解毒,三者共为君药。金银花芳香疏散, 散肺经邪热,清热解毒;栀子、板蓝根可清热凉血、利尿解毒,共为臣药;水牛角、珍珠母平肝潜阳,镇惊安神,直折上延之肝火,为佐药。诸药相配,共奏清热解毒、化痰通络开窍、 镇静安神之功 。          </注意事项></item></context></extraction>