<?xml version="1.0" encoding="UTF-8"?><extraction><clueid>69778466</clueid><fullpath><![CDATA[https://db.yaozh.com/chufang/122006.html]]></fullpath><realpath><![CDATA[https://db.yaozh.com/chufang/122006.html]]></realpath><theme>mk_wbwj_1_1</theme><middle>规则_1</middle><createdate>2020-3-10 22:6:14</createdate><pageno>0</pageno><actionno></actionno><actionvalue></actionvalue><prestamp>DSEngine-+--+-0</prestamp><currentstamp>DSEngine-+-ds_browser_sample_0-+-1583849174534</currentstamp><timestamp>1583849174534</timestamp><baseURI><bucketBaseURI><bucketName>context</bucketName><uri><![CDATA[https://db.yaozh.com/chufang/122006.html]]></uri></bucketBaseURI></baseURI><customInfo><![CDATA[]]></customInfo><dsName>DSEngine</dsName><dsThread>datascraper_sample_0</dsThread><version>80700</version>
<context/></extraction>