<?xml version="1.0" encoding="UTF-8"?><extraction><clueid>69778573</clueid><fullpath><![CDATA[https://db.yaozh.com/chufang/125413.html]]></fullpath><realpath><![CDATA[https://db.yaozh.com/chufang/125413.html]]></realpath><theme>mk_wbwj_1_1</theme><middle>规则_1</middle><createdate>2020-3-10 22:18:0</createdate><pageno>0</pageno><actionno></actionno><actionvalue></actionvalue><prestamp>DSEngine-+--+-0</prestamp><currentstamp>DSEngine-+-ds_browser_sample_0-+-1583849880267</currentstamp><timestamp>1583849880267</timestamp><baseURI><bucketBaseURI><bucketName>context</bucketName><uri><![CDATA[https://db.yaozh.com/chufang/125413.html]]></uri></bucketBaseURI></baseURI><customInfo><![CDATA[]]></customInfo><dsName>DSEngine</dsName><dsThread>datascraper_sample_0</dsThread><version>80700</version>
<context><item><药品名称>
                          清瘟护肺颗粒          </药品名称><处方来源>
                          陕西省          </处方来源><处方>
                          主要针对新冠肺炎的轻症和疑似症          </处方><功能主治>
                          中医温病经典方剂“银翘散”“玄麦甘桔汤”和名方“四君子汤”加减而成 ，应对温病初期          </功能主治><注意事项/></item></context></extraction>