<?xml version="1.0" encoding="UTF-8"?><extraction><clueid>69778506</clueid><fullpath><![CDATA[https://db.yaozh.com/chufang/118557.html]]></fullpath><realpath><![CDATA[https://db.yaozh.com/chufang/118557.html]]></realpath><theme>mk_wbwj_1_1</theme><middle>规则_1</middle><createdate>2020-3-10 22:10:44</createdate><pageno>0</pageno><actionno></actionno><actionvalue></actionvalue><prestamp>DSEngine-+--+-0</prestamp><currentstamp>DSEngine-+-ds_browser_sample_0-+-1583849444813</currentstamp><timestamp>1583849444813</timestamp><baseURI><bucketBaseURI><bucketName>context</bucketName><uri><![CDATA[https://db.yaozh.com/chufang/118557.html]]></uri></bucketBaseURI></baseURI><customInfo><![CDATA[]]></customInfo><dsName>DSEngine</dsName><dsThread>datascraper_sample_0</dsThread><version>80700</version>
<context><item><药品名称>
                          清咽抑火丸          </药品名称><处方来源>
                          卫生部药品标准中药成方制剂第七册          </处方来源><处方>
                          山豆根100g．连翘75g．桔梗50g．栀子50g．黄芩50g．大黄50g．玄参50g．牛蒡子（炒）50g．芒硝50g．知母50g．防风50g．薄荷37.5g．黄柏25g．甘草25g．          </处方><功能主治>
                          清热散风，解毒消肿，清利咽喉。用于咽喉肿痛，肺炎咳嗽。          </功能主治><注意事项/></item></context></extraction>