<?xml version="1.0" encoding="UTF-8"?><extraction><clueid>69778480</clueid><fullpath><![CDATA[https://db.yaozh.com/chufang/117685.html]]></fullpath><realpath><![CDATA[https://db.yaozh.com/chufang/117685.html]]></realpath><theme>mk_wbwj_1_1</theme><middle>规则_1</middle><createdate>2020-3-10 22:8:29</createdate><pageno>0</pageno><actionno></actionno><actionvalue></actionvalue><prestamp>DSEngine-+--+-0</prestamp><currentstamp>DSEngine-+-ds_browser_sample_0-+-1583849309614</currentstamp><timestamp>1583849309614</timestamp><baseURI><bucketBaseURI><bucketName>context</bucketName><uri><![CDATA[https://db.yaozh.com/chufang/117685.html]]></uri></bucketBaseURI></baseURI><customInfo><![CDATA[]]></customInfo><dsName>DSEngine</dsName><dsThread>datascraper_sample_0</dsThread><version>80700</version>
<context><item><药品名称>
                          小儿消炎栓          </药品名称><处方来源>
                          卫生部药品标准中药成方制剂第四册          </处方来源><处方>
                          金银花2500g．连翘5000g．黄芩2500g．          </处方><功能主治>
                          清热解毒，轻宣风热。用于外感风热引起的发热，咳嗽，咽痛等
症。适用于病毒或细菌感染引起的肺炎，上呼吸道感染等症。          </功能主治><注意事项/></item></context></extraction>