<?xml version="1.0" encoding="UTF-8"?><extraction><clueid>69778530</clueid><fullpath><![CDATA[https://db.yaozh.com/chufang/118964.html]]></fullpath><realpath><![CDATA[https://db.yaozh.com/chufang/118964.html]]></realpath><theme>mk_wbwj_1_1</theme><middle>规则_1</middle><createdate>2020-3-10 22:12:49</createdate><pageno>0</pageno><actionno></actionno><actionvalue></actionvalue><prestamp>DSEngine-+--+-0</prestamp><currentstamp>DSEngine-+-ds_browser_sample_0-+-1583849569936</currentstamp><timestamp>1583849569936</timestamp><baseURI><bucketBaseURI><bucketName>context</bucketName><uri><![CDATA[https://db.yaozh.com/chufang/118964.html]]></uri></bucketBaseURI></baseURI><customInfo><![CDATA[]]></customInfo><dsName>DSEngine</dsName><dsThread>datascraper_sample_0</dsThread><version>80700</version>
<context><item><药品名称>
                          牛黄消炎灵丸          </药品名称><处方来源>
                          卫生部药品标准中药成方制剂第十册          </处方来源><处方>
                          牛黄125g．盐酸小檗碱15g．黄芩667g．栀子218g．朱砂175g．珍珠母100g．郁金231g．雄黄175g．冰片70g．石膏250g．水牛角浓缩粉334g．          </处方><功能主治>
                          消炎退热，通窍，镇静，降压安神。适用于病毒性感冒，上呼吸
道感染，肺炎、气管炎及其它细菌病毒感染引起的高热不退等症。          </功能主治><注意事项/></item></context></extraction>