<?xml version="1.0" encoding="UTF-8"?><extraction><clueid>69778533</clueid><fullpath><![CDATA[https://db.yaozh.com/chufang/120112.html]]></fullpath><realpath><![CDATA[https://db.yaozh.com/chufang/120112.html]]></realpath><theme>mk_wbwj_1_1</theme><middle>规则_1</middle><createdate>2020-3-10 22:13:18</createdate><pageno>0</pageno><actionno></actionno><actionvalue></actionvalue><prestamp>DSEngine-+--+-0</prestamp><currentstamp>DSEngine-+-ds_browser_sample_0-+-1583849598838</currentstamp><timestamp>1583849598838</timestamp><baseURI><bucketBaseURI><bucketName>context</bucketName><uri><![CDATA[https://db.yaozh.com/chufang/120112.html]]></uri></bucketBaseURI></baseURI><customInfo><![CDATA[]]></customInfo><dsName>DSEngine</dsName><dsThread>datascraper_sample_0</dsThread><version>80700</version>
<context><item><药品名称>
                          白花蛇舌草注射液          </药品名称><处方来源>
                          卫生部药品标准中药成方制剂第十七册          </处方来源><处方>
                          清热解毒，利湿消肿。用于湿热蕴毒所致的呼吸道感染，扁桃体炎，肺炎，胆
囊炎，阑尾炎，痈疖脓肿及手术后感染，亦可用于癌症辅助治疗。          </处方><功能主治/><注意事项/></item></context></extraction>