<?xml version="1.0" encoding="UTF-8"?><extraction><clueid>69778471</clueid><fullpath><![CDATA[https://db.yaozh.com/chufang/119148.html]]></fullpath><realpath><![CDATA[https://db.yaozh.com/chufang/119148.html]]></realpath><theme>mk_wbwj_1_1</theme><middle>规则_1</middle><createdate>2020-3-10 22:7:2</createdate><pageno>0</pageno><actionno></actionno><actionvalue></actionvalue><prestamp>DSEngine-+--+-0</prestamp><currentstamp>DSEngine-+-ds_browser_sample_0-+-1583849222640</currentstamp><timestamp>1583849222640</timestamp><baseURI><bucketBaseURI><bucketName>context</bucketName><uri><![CDATA[https://db.yaozh.com/chufang/119148.html]]></uri></bucketBaseURI></baseURI><customInfo><![CDATA[]]></customInfo><dsName>DSEngine</dsName><dsThread>datascraper_sample_0</dsThread><version>80700</version>
<context><item><药品名称>
                          双黄连注射液          </药品名称><处方来源>
                          卫生部药品标准中药成方制剂第十一册          </处方来源><处方>
                          金银花250g．黄芩250g．连翘500g．          </处方><功能主治>
                          清热解毒，清宣风热。用于外感风热引起的发热、咳嗽、咽痛。
适用于病毒及细菌感染的上呼吸道感染、肺炎、扁桃体炎、咽炎等。          </功能主治><注意事项/></item></context></extraction>