<?xml version="1.0" encoding="UTF-8"?><extraction><clueid>69778475</clueid><fullpath><![CDATA[https://db.yaozh.com/chufang/100252.html]]></fullpath><realpath><![CDATA[https://db.yaozh.com/chufang/100252.html]]></realpath><theme>mk_wbwj_1_1</theme><middle>规则_1</middle><createdate>2020-3-10 22:7:41</createdate><pageno>0</pageno><actionno></actionno><actionvalue></actionvalue><prestamp>DSEngine-+--+-0</prestamp><currentstamp>DSEngine-+-ds_browser_sample_0-+-1583849261093</currentstamp><timestamp>1583849261093</timestamp><baseURI><bucketBaseURI><bucketName>context</bucketName><uri><![CDATA[https://db.yaozh.com/chufang/100252.html]]></uri></bucketBaseURI></baseURI><customInfo><![CDATA[]]></customInfo><dsName>DSEngine</dsName><dsThread>datascraper_sample_0</dsThread><version>80700</version>
<context><item><药品名称>
                          复方吉祥草含片          </药品名称><处方来源>
                          国家中成药标准汇编 内科肺系（二）分册          </处方来源><处方>
                          吉祥草100g．紫菀90g．麻黄80g．鱼腥草80g．桔梗30g．虎杖25g．
罂粟壳60g．冰片0.1g．薄荷素油1ml
．梨膏2.5g．
蔗糖850g．硬脂酸镁10g．          </处方><功能主治>
                          苗医：湾喉俄吼，蒙舍俄，封勒普吼俄，凯洛嘎韦。
中医：宣肺平喘，清热润燥，止咳化痰。用于支气管炎，肺炎所引起的咳嗽、胸闷、痰多等症状。          </功能主治><注意事项/></item></context></extraction>